[
    {
        "product_name": "GK Hair Protection Moisturizing Color Shampoo No.3",
        "description": "GKhair Moisturizing Shampoo Color Protection gently cleanses the hair and is designed for normal to dry or colored hair types.\r\\n\r\\nThe Color Protection Moisturizing Shampoo for dry hair effectively nourishes and moisturizes the hair and works for hair color protection. The Color Protection Moisturizing Shampoo is the perfect solution for dry, damaged hair.\r\\n\r\\nIt is infused with Juvexin® (a Keratin anti-aging protein blend optimized to repair, protect and fortify the hair) and has organic components such as natural seed oils for hydration. It contains natural plant extracts that gives a boost of moisture. The natural grain extracts in the shampoo create a protective layer over the hair to prevent them from further damage.\r\\n\r\\nIt is a shampoo without sulfate and contains no harsh chemicals like SLS (Sodium Lauryl Sulfate), SLES (Sodium Laureth Sulfate), Parabens, Gluten, phthalates or DEA.\r\\n\r\\nIt is recommended to use after a GKhair treatment or GKhair color service. Contains Aloe Vera Leaf Juice to moisturize and nourish hair follicles.\r\\n\r\\n&nbsp;\r\\n\r\\n<b><strong>HOW TO USE IT:</strong></b>\r\\n\r\\n<b></b><b><strong>Step 1:</strong></b> Apply the GKhair Moisturizing Shampoo on wet hair.\r\\n\r\\n<b><strong>Step 2:</strong></b> Massage through hair before rinsing.\r\\n\r\\n<b><strong>Step 3:</strong></b> Use GKhair Moisturizing Conditioner afterwards.\r\\n\r\\n<b><strong>Step 4:</strong></b> Use GKhair Aftercare products for styling. Leave in Conditioner Cream and Serum are highly advised.",
        "item_no": "",
        "sale_price": {
            "sale": ""
        },
        "price": {
            "regular": ""
        },
        "quantity_on_hand": "100",
        "sku": "U-HC-8615",
        "imgs": [
            "https://istyleprofessional.com/wp-content/uploads/2022/05/moisturizing_Shampoo_1000ml-front_704x704_e1d3e81f-2997-43b6-9320-c721c37fd4f6.webp",
            " https://istyleprofessional.com/wp-content/uploads/2022/05/Screen-Shot-2022-08-26-at-10.58.38-AM.png",
            " https://istyleprofessional.com/wp-content/uploads/2022/05/Screen-Shot-2022-08-26-at-10.58.50-AM.png",
            " https://istyleprofessional.com/wp-content/uploads/2022/05/Screen-Shot-2022-08-26-at-10.59.01-AM.png",
            " https://istyleprofessional.com/wp-content/uploads/2022/05/Screen-Shot-2022-08-26-at-10.59.17-AM.png"
        ],
        "status": "NORMAL",
        "isHidden": false,
        "bar_code_value": "",
        "manufacturer_part_number": "",
        "companyName": {
            "name": "GK Hair"
        },
        "categories": [
            {
                "name": "Hair Care",
                "main": "Hair"
            },
            {
                "name": "Hair Protection Products",
                "main": "Hair"
            },
            {
                "name": "Hair Shampoos",
                "main": "Hair"
            },
            {
                "name": "Hair Styling Products",
                "main": "Hair"
            },
            {
                "name": "Health & Wellness",
                "main": "Spa & Body"
            }
        ],
        "priceType": "range",
        "variations": [
            {
                "variation_name": "GK Hair Protection Moisturizing Color Shampoo No.3 - 1000ML",
                "variation_id": "GK-NO3-SHAM-1L",
                "price": {
                    "regular": "69.95"
                },
                "sale_price": {
                    "sale": ""
                },
                "wholesale_price": {
                    "wholesale": ""
                }
            },
            {
                "variation_name": "GK Hair Protection Moisturizing Color Shampoo No.3 - 300ML",
                "variation_id": "GK-NO3-SHAM-300ML",
                "price": {
                    "regular": "29.95"
                },
                "sale_price": {
                    "sale": ""
                },
                "wholesale_price": {
                    "wholesale": ""
                }
            }
        ]
    },
    {
        "product_name": "GK Hair Protection Moisturizing Color Conditioner No.4",
        "description": "GKhair Moisturizing Conditioner Color Protection gently cleanses the hair and is designed for normal to dry or colored hair types.\r\\n\r\\nThe Color Protection Moisturizing Conditioner for dry hair effectively nourishes and moisturizes the hair and works for hair color protection. The Color Protection Moisturizing Conditoner is the perfect solution for dry, damaged hair.\r\\n\r\\nIt is infused with Juvexin® (a Keratin anti-aging protein blend optimized to repair, protect and fortify the hair) and has organic components such as natural seed oils for hydration. It contains natural plant extracts that gives a boost of moisture. The natural grain extracts in the conditioner create a protective layer over the hair to prevent them from further damage.\r\\n\r\\nIt is a conditioner without sulfate and contains no harsh chemicals like SLS (Sodium Lauryl Sulfate), SLES (Sodium Laureth Sulfate), Parabens, Gluten, phthalates or DEA.\r\\n\r\\nIt is recommended to use after a GKhair treatment or GKhair color service. Contains Aloe Vera Leaf Juice to moisturize and nourish hair follicles.\r\\n\r\\n&nbsp;\r\\n\r\\n<b><strong>HOW TO USE IT:</strong></b>\r\\n\r\\n<b></b><b><strong>Step 1:</strong></b> Apply the GKhair Moisturizing Shampoo on wet hair.\r\\n\r\\n<b><strong>Step 2:</strong></b> Massage through hair before rinsing.\r\\n\r\\n<b><strong>Step 3:</strong></b> Use GKhair Moisturizing Conditioner afterwards.\r\\n\r\\n<b><strong>Step 4:</strong></b> Use GKhair Aftercare products for styling. Leave in Conditioner Cream and Serum are highly advised.",
        "item_no": "",
        "sale_price": {
            "sale": ""
        },
        "price": {
            "regular": ""
        },
        "quantity_on_hand": "100",
        "sku": "",
        "imgs": [
            "https://istyleprofessional.com/wp-content/uploads/2022/05/moisturizing_Shampoo_1000ml-front_704x704_e1d3e81f-2997-43b6-9320-c721c37fd4f6.webp",
            " https://istyleprofessional.com/wp-content/uploads/2022/05/Screen-Shot-2022-08-26-at-10.15.38-AM.png",
            " https://istyleprofessional.com/wp-content/uploads/2022/05/Screen-Shot-2022-08-26-at-10.15.48-AM.png",
            " https://istyleprofessional.com/wp-content/uploads/2022/05/Screen-Shot-2022-08-26-at-10.16.02-AM.png",
            " https://istyleprofessional.com/wp-content/uploads/2022/05/Screen-Shot-2022-08-26-at-10.16.41-AM.png",
            " https://istyleprofessional.com/wp-content/uploads/2022/05/Screen-Shot-2022-08-26-at-10.17.02-AM.png"
        ],
        "status": "NORMAL",
        "isHidden": false,
        "bar_code_value": "",
        "manufacturer_part_number": "",
        "companyName": {
            "name": "GK Hair"
        },
        "categories": [
            {
                "name": "Hair Conditioners",
                "main": "Hair"
            },
            {
                "name": "Hair Care",
                "main": "Hair"
            },
            {
                "name": "Hair Conditioners",
                "main": "Hair"
            },
            {
                "name": "Hair Protection Products",
                "main": "Hair"
            },
            {
                "name": "Hair Treatments",
                "main": "Hair"
            }
        ],
        "priceType": "range",
        "variations": [
            {
                "variation_name": "GK Hair Protection Moisturizing Color Conditioner No.4 - 1000ML",
                "variation_id": "GK-NO3-SHAM-1L-1",
                "price": {
                    "regular": "69.95"
                },
                "sale_price": {
                    "sale": ""
                },
                "wholesale_price": {
                    "wholesale": ""
                }
            },
            {
                "variation_name": "GK Hair Protection Moisturizing Color Conditioner No.4 - 300ML",
                "variation_id": "GK-NO3-CON-300ML",
                "price": {
                    "regular": "29.95"
                },
                "sale_price": {
                    "sale": ""
                },
                "wholesale_price": {
                    "wholesale": ""
                }
            }
        ]
    },
    {
        "product_name": "GK Hair pH+ Clarifying Shampoo 1L",
        "description": "GKhair pH+ shampoo with ALOE VERA and PRO VITAMINS that gently cleanses the hair, removes excess build up and nourishes hair. Fortified with JUVEXIN a keratin anti-aging protein blend optimized for restoring hair from the inside out, returning it to a more youthful state. Buy pH+ shampoo to soothe and cleanse impurities, adding moisture to the hair shafts.\r\\n<div><strong>FEATURES </strong></div>\r\\n<div>Opens the hair cuticle</div>\r\\n<div>Removes excess styling products and impurity build up</div>\r\\n<div>Nourishes and fortifies the hair with Juvexin</div>\r\\n<div></div>\r\\n<div><b>BENEFITS</b></div>\r\\n<div>Leaves hair cleansed and prepared for the Hair Taming System</div>\r\\n<div>Nourishes and fortifies the hair with Juvexin</div>\r\\n<div></div>\r\\n<div><b>HOW TO USE </b></div>\r\\n<div>Apply to wet hair, massage into hair and lather.</div>\r\\n<div>Leave on the hair for 1-3 minutes.</div>\r\\n<div>Rinse and repeat up to 2 additional times for virgin hair when following with Hair Taming System.</div>",
        "item_no": "",
        "sale_price": {
            "sale": ""
        },
        "price": {
            "regular": "59.95"
        },
        "quantity_on_hand": "100",
        "sku": "KH-SC-400-30 GK PH+ SH 1L",
        "imgs": [
            "https://istyleprofessional.com/wp-content/uploads/2022/05/ph_Shampoo_1000ml-front_704x704_7729e841-9ca9-4cd0-a29b-291d260e394a.webp",
            " https://istyleprofessional.com/wp-content/uploads/2022/05/Screen-Shot-2022-08-26-at-11.46.30-AM.png",
            " https://istyleprofessional.com/wp-content/uploads/2022/05/Screen-Shot-2022-08-26-at-11.46.49-AM.png",
            " https://istyleprofessional.com/wp-content/uploads/2022/05/Screen-Shot-2022-08-26-at-11.47.02-AM.png",
            " https://istyleprofessional.com/wp-content/uploads/2022/05/Screen-Shot-2022-08-26-at-11.47.14-AM.png"
        ],
        "status": "NORMAL",
        "isHidden": false,
        "bar_code_value": "",
        "manufacturer_part_number": "",
        "companyName": {
            "name": "GK Hair"
        },
        "categories": [
            {
                "name": "Hair Care",
                "main": "Hair"
            },
            {
                "name": "Hair Protection Products",
                "main": "Hair"
            },
            {
                "name": "Hair Shampoos",
                "main": "Hair"
            },
            {
                "name": "Hair Treatments",
                "main": "Hair"
            },
            {
                "name": "Health & Wellness",
                "main": "Spa & Body"
            }
        ],
        "priceType": "single",
        "wholesale_price": {
            "wholesale": ""
        }
    }
]